"","mirna.names"
"1","hsa.let.7a.2..1"
"2","hsa.let.7a.3..1"
"3","hsa.let.7a..2..1"
"4","hsa.let.7b.1"
"5","hsa.let.7b..1"
"6","hsa.let.7c.1"
"7","hsa.let.7c..1"
"8","hsa.let.7d.1"
"9","hsa.let.7d..1"
"10","hsa.let.7e.1"
"11","hsa.let.7e..1"
"12","hsa.let.7f.1..1"
"13","hsa.let.7f.2..2"
"14","hsa.let.7f.2..3"
"15","hsa.let.7g.1"
"16","hsa.let.7g..1"
"17","hsa.let.7i.1"
"18","hsa.let.7i..1"
"19","hsa.miR.1.1..1"
"20","hsa.miR.1.2..2"
"21","hsa.miR.1.2..3"
"22","hsa.miR.100.1"
"23","hsa.miR.100..1"
"24","hsa.miR.101.1..1"
"25","hsa.miR.101.2..2"
"26","hsa.miR.101.2..3"
"27","hsa.miR.103.1..1"
"28","hsa.miR.103.2..2"
"29","hsa.miR.103.2..3"
"30","hsa.miR.105.2..1"
"31","hsa.miR.105..2..1"
"32","hsa.miR.106a.1"
"33","hsa.miR.106a..1"
"34","hsa.miR.106b.1"
"35","hsa.miR.106b..1"
"36","hsa.miR.107.1"
"37","hsa.miR.107..1"
"38","hsa.miR.10a.1"
"39","hsa.miR.10a..1"
"40","hsa.miR.10b.1"
"41","hsa.miR.10b..1"
"42","hsa.miR.1179.1"
"43","hsa.miR.1179..1"
"44","hsa.miR.1180.1"
"45","hsa.miR.1180..1"
"46","hsa.miR.1185.1.3p.1"
"47","hsa.miR.1185.2.3p.1"
"48","hsa.miR.1185.5p.2..1"
"49","hsa.miR.1193.3p.1"
"50","hsa.miR.1193.5p.1"
"51","hsa.miR.1197.1"
"52","hsa.miR.1197..1"
"53","hsa.miR.122.1"
"54","hsa.miR.122..1"
"55","hsa.miR.124.3..1"
"56","hsa.miR.124..3..1"
"57","hsa.miR.1245.3p.1"
"58","hsa.miR.1245.5p.1"
"59","hsa.miR.1247.1"
"60","hsa.miR.1247..1"
"61","hsa.miR.1249.1"
"62","hsa.miR.1249..1"
"63","hsa.miR.1250.1"
"64","hsa.miR.1250..1"
"65","hsa.miR.1251.1"
"66","hsa.miR.1251..1"
"67","hsa.miR.1252.1"
"68","hsa.miR.1252..1"
"69","hsa.miR.1255a.3p.1"
"70","hsa.miR.1255a.5p.1"
"71","hsa.miR.1255b.1"
"72","hsa.miR.1255b..1"
"73","hsa.miR.1256.3p.1"
"74","hsa.miR.1256.5p.1"
"75","hsa.miR.1258.3p.1"
"76","hsa.miR.1258.5p.1"
"77","hsa.miR.125a.1"
"78","hsa.miR.125a..1"
"79","hsa.miR.125b.1..1"
"80","hsa.miR.125b.2..2"
"81","hsa.miR.125b.2..3"
"82","hsa.miR.126.1"
"83","hsa.miR.126..1"
"84","hsa.miR.1263.3p.1"
"85","hsa.miR.1263.5p.1"
"86","hsa.miR.1264.1"
"87","hsa.miR.1264..1"
"88","hsa.miR.1266.1"
"89","hsa.miR.1266..1"
"90","hsa.miR.1269.1"
"91","hsa.miR.1269..1"
"92","hsa.miR.127.3p.1"
"93","hsa.miR.127.5p.1"
"94","hsa.miR.1270.2..1"
"95","hsa.miR.1270..2..1"
"96","hsa.miR.1271.1"
"97","hsa.miR.1271..1"
"98","hsa.miR.1277.3p.1"
"99","hsa.miR.1277.5p.1"
"100","hsa.miR.1278.1"
"101","hsa.miR.1278..1"
"102","hsa.miR.128.1..1"
"103","hsa.miR.128.2..2"
"104","hsa.miR.128.2..3"
"105","hsa.miR.1283.1.3p.1"
"106","hsa.miR.1283.2.3p.1"
"107","hsa.miR.1283.5p.2..1"
"108","hsa.miR.1284.3p.1"
"109","hsa.miR.1284.5p.1"
"110","hsa.miR.1286.1"
"111","hsa.miR.1286..1"
"112","hsa.miR.1287.1"
"113","hsa.miR.1287..1"
"114","hsa.miR.1289.3p.1"
"115","hsa.miR.1289.5p.1"
"116","hsa.miR.129.1.3p.1"
"117","hsa.miR.129.2.3p.1"
"118","hsa.miR.129.5p.2..1"
"119","hsa.miR.1293.3p.1"
"120","hsa.miR.1293.5p.1"
"121","hsa.miR.1294.3p.1"
"122","hsa.miR.1294.5p.1"
"123","hsa.miR.1295.1"
"124","hsa.miR.1295..1"
"125","hsa.miR.1296.1"
"126","hsa.miR.1296..1"
"127","hsa.miR.1298.3p.1"
"128","hsa.miR.1298.5p.1"
"129","hsa.miR.1301.1"
"130","hsa.miR.1301..1"
"131","hsa.miR.1303.3p.1"
"132","hsa.miR.1303.5p.1"
"133","hsa.miR.1304.3p.1"
"134","hsa.miR.1304.5p.1"
"135","hsa.miR.1305.1"
"136","hsa.miR.1305..1"
"137","hsa.miR.1306.3p.1"
"138","hsa.miR.1306.5p.1"
"139","hsa.miR.1307.1"
"140","hsa.miR.1307..1"
"141","hsa.miR.130a.1"
"142","hsa.miR.130a..1"
"143","hsa.miR.130b.3p.1"
"144","hsa.miR.130b.5p.1"
"145","hsa.miR.132.3p.1"
"146","hsa.miR.132.5p.1"
"147","hsa.miR.1323.1"
"148","hsa.miR.1323..1"
"149","hsa.miR.133a.2..1"
"150","hsa.miR.133a..2..1"
"151","hsa.miR.133b.1"
"152","hsa.miR.133b..1"
"153","hsa.miR.134.1"
"154","hsa.miR.134..1"
"155","hsa.miR.135a.1..1"
"156","hsa.miR.135a.2..2"
"157","hsa.miR.135a.2..3"
"158","hsa.miR.135b.1"
"159","hsa.miR.135b..1"
"160","hsa.miR.136.3p.1"
"161","hsa.miR.136.5p.1"
"162","hsa.miR.137.1"
"163","hsa.miR.137..1"
"164","hsa.miR.138.1..1"
"165","hsa.miR.138.2..2"
"166","hsa.miR.138.2..3"
"167","hsa.miR.139.1"
"168","hsa.miR.139..1"
"169","hsa.miR.140.3p.1"
"170","hsa.miR.140.5p.1"
"171","hsa.miR.141.1"
"172","hsa.miR.141..1"
"173","hsa.miR.142.3p.1"
"174","hsa.miR.142.5p.1"
"175","hsa.miR.143.1"
"176","hsa.miR.143..1"
"177","hsa.miR.144.1"
"178","hsa.miR.144..1"
"179","hsa.miR.145.1"
"180","hsa.miR.145..1"
"181","hsa.miR.1468.1"
"182","hsa.miR.1468..1"
"183","hsa.miR.146a.1"
"184","hsa.miR.146a..1"
"185","hsa.miR.146b.1"
"186","hsa.miR.146b..1"
"187","hsa.miR.147.1"
"188","hsa.miR.147..1"
"189","hsa.miR.148a.1"
"190","hsa.miR.148a..1"
"191","hsa.miR.148b.1"
"192","hsa.miR.148b..1"
"193","hsa.miR.149.1"
"194","hsa.miR.149..1"
"195","hsa.miR.150.1"
"196","hsa.miR.150..1"
"197","hsa.miR.151.3p.1"
"198","hsa.miR.151.5p.1"
"199","hsa.miR.152.1"
"200","hsa.miR.152..1"
"201","hsa.miR.153.1..1"
"202","hsa.miR.153.2..2"
"203","hsa.miR.153.2..3"
"204","hsa.miR.1537.1"
"205","hsa.miR.1537..1"
"206","hsa.miR.154.3p.1"
"207","hsa.miR.154.5p.1"
"208","hsa.miR.155.1"
"209","hsa.miR.155..1"
"210","hsa.miR.15a.1"
"211","hsa.miR.15a..1"
"212","hsa.miR.15b.1"
"213","hsa.miR.15b..1"
"214","hsa.miR.16.1..1"
"215","hsa.miR.16.2..2"
"216","hsa.miR.16.2..3"
"217","hsa.miR.17.1"
"218","hsa.miR.17..1"
"219","hsa.miR.181a.1..1"
"220","hsa.miR.181a.2..2"
"221","hsa.miR.181a.2..3"
"222","hsa.miR.181b.1..1"
"223","hsa.miR.181b.2..2"
"224","hsa.miR.181b.2..3"
"225","hsa.miR.181c.1"
"226","hsa.miR.181c..1"
"227","hsa.miR.181d.1"
"228","hsa.miR.181d..1"
"229","hsa.miR.182.1"
"230","hsa.miR.182..1"
"231","hsa.miR.183.1"
"232","hsa.miR.183..1"
"233","hsa.miR.184.1"
"234","hsa.miR.184..1"
"235","hsa.miR.185.1"
"236","hsa.miR.185..1"
"237","hsa.miR.186.1"
"238","hsa.miR.186..1"
"239","hsa.miR.187.1"
"240","hsa.miR.187..1"
"241","hsa.miR.188.1"
"242","hsa.miR.188..1"
"243","hsa.miR.18a.1"
"244","hsa.miR.18a..1"
"245","hsa.miR.18b.1"
"246","hsa.miR.18b..1"
"247","hsa.miR.1908.1"
"248","hsa.miR.1908..1"
"249","hsa.miR.190a.1"
"250","hsa.miR.190a..1"
"251","hsa.miR.190b.1"
"252","hsa.miR.190b..1"
"253","hsa.miR.191.1"
"254","hsa.miR.191..1"
"255","hsa.miR.1910.1"
"256","hsa.miR.1910..1"
"257","hsa.miR.1911.1"
"258","hsa.miR.1911..1"
"259","hsa.miR.1912.3p.1"
"260","hsa.miR.1912.5p.1"
"261","hsa.miR.1914.3p.1"
"262","hsa.miR.1914.5p.1"
"263","hsa.miR.192.1"
"264","hsa.miR.192..1"
"265","hsa.miR.193a.3p.1"
"266","hsa.miR.193a.5p.1"
"267","hsa.miR.193b.1"
"268","hsa.miR.193b..1"
"269","hsa.miR.194.1..1"
"270","hsa.miR.194.2..2"
"271","hsa.miR.194.2..3"
"272","hsa.miR.195.1"
"273","hsa.miR.195..1"
"274","hsa.miR.196a.1..1"
"275","hsa.miR.196a.2..2"
"276","hsa.miR.196a.2..3"
"277","hsa.miR.196b.1"
"278","hsa.miR.196b..1"
"279","hsa.miR.197.1"
"280","hsa.miR.197..1"
"281","hsa.miR.199a.3p.2..1"
"282","hsa.miR.199a.5p.2..1"
"283","hsa.miR.199b.3p.1"
"284","hsa.miR.199b.5p.1"
"285","hsa.miR.19a.1"
"286","hsa.miR.19a..1"
"287","hsa.miR.19b.1..1"
"288","hsa.miR.19b.2..2"
"289","hsa.miR.19b.2..3"
"290","hsa.miR.200a.1"
"291","hsa.miR.200a..1"
"292","hsa.miR.200b.1"
"293","hsa.miR.200b..1"
"294","hsa.miR.200c.1"
"295","hsa.miR.200c..1"
"296","hsa.miR.202.3p.1"
"297","hsa.miR.202.5p.1"
"298","hsa.miR.203.1"
"299","hsa.miR.203..1"
"300","hsa.miR.204.1"
"301","hsa.miR.204..1"
"302","hsa.miR.205.1"
"303","hsa.miR.205..1"
"304","hsa.miR.206.1"
"305","hsa.miR.206..1"
"306","hsa.miR.208a.1"
"307","hsa.miR.208a..1"
"308","hsa.miR.208b.1"
"309","hsa.miR.208b..1"
"310","hsa.miR.20a.1"
"311","hsa.miR.20a..1"
"312","hsa.miR.20b.1"
"313","hsa.miR.20b..1"
"314","hsa.miR.21.1"
"315","hsa.miR.21..1"
"316","hsa.miR.210.1"
"317","hsa.miR.210..1"
"318","hsa.miR.211.1"
"319","hsa.miR.211..1"
"320","hsa.miR.2110.1"
"321","hsa.miR.2110..1"
"322","hsa.miR.2114.1"
"323","hsa.miR.2114..1"
"324","hsa.miR.2115.1"
"325","hsa.miR.2115..1"
"326","hsa.miR.2116.3p.1"
"327","hsa.miR.2116.5p.1"
"328","hsa.miR.212.3p.1"
"329","hsa.miR.212.5p.1"
"330","hsa.miR.214.3p.1"
"331","hsa.miR.214.5p.1"
"332","hsa.miR.215.1"
"333","hsa.miR.215..1"
"334","hsa.miR.216a.1"
"335","hsa.miR.216a..1"
"336","hsa.miR.216b.1"
"337","hsa.miR.216b..1"
"338","hsa.miR.217.1"
"339","hsa.miR.217..1"
"340","hsa.miR.218.1..1"
"341","hsa.miR.218.2..2"
"342","hsa.miR.218.2..3"
"343","hsa.miR.219.1.3p.1"
"344","hsa.miR.219.2.3p.1"
"345","hsa.miR.219.5p.2..1"
"346","hsa.miR.22.1"
"347","hsa.miR.22..1"
"348","hsa.miR.221.1"
"349","hsa.miR.221..1"
"350","hsa.miR.222.1"
"351","hsa.miR.222..1"
"352","hsa.miR.223.1"
"353","hsa.miR.223..1"
"354","hsa.miR.224.1"
"355","hsa.miR.224..1"
"356","hsa.miR.2276.3p.1"
"357","hsa.miR.2276.5p.1"
"358","hsa.miR.2277.1"
"359","hsa.miR.2277..1"
"360","hsa.miR.2278.1"
"361","hsa.miR.2278..1"
"362","hsa.miR.2355.3p.1"
"363","hsa.miR.2355.5p.1"
"364","hsa.miR.23a.1"
"365","hsa.miR.23a..1"
"366","hsa.miR.23b.1"
"367","hsa.miR.23b..1"
"368","hsa.miR.24.1..1"
"369","hsa.miR.24.2..2"
"370","hsa.miR.24.2..3"
"371","hsa.miR.25.1"
"372","hsa.miR.25..1"
"373","hsa.miR.26a.1..1"
"374","hsa.miR.26a.2..2"
"375","hsa.miR.26a.2..3"
"376","hsa.miR.26b.1"
"377","hsa.miR.26b..1"
"378","hsa.miR.27a.1"
"379","hsa.miR.27a..1"
"380","hsa.miR.27b.1"
"381","hsa.miR.27b..1"
"382","hsa.miR.28.3p.1"
"383","hsa.miR.28.5p.1"
"384","hsa.miR.296.3p.1"
"385","hsa.miR.296.5p.1"
"386","hsa.miR.299.3p.1"
"387","hsa.miR.299.5p.1"
"388","hsa.miR.29a.1"
"389","hsa.miR.29a..1"
"390","hsa.miR.29b.1..1"
"391","hsa.miR.29b.2..2"
"392","hsa.miR.29b.2..3"
"393","hsa.miR.29c.1"
"394","hsa.miR.29c..1"
"395","hsa.miR.301a.1"
"396","hsa.miR.301a..1"
"397","hsa.miR.301b.1"
"398","hsa.miR.301b..1"
"399","hsa.miR.302a.3p.1"
"400","hsa.miR.302a.5p.1"
"401","hsa.miR.302b.1"
"402","hsa.miR.302b..1"
"403","hsa.miR.302c.1"
"404","hsa.miR.302c..1"
"405","hsa.miR.302d.1"
"406","hsa.miR.302d..1"
"407","hsa.miR.3065.3p.1"
"408","hsa.miR.3065.5p.1"
"409","hsa.miR.3074.3p.1"
"410","hsa.miR.3074.5p.1"
"411","hsa.miR.30a.1"
"412","hsa.miR.30a..1"
"413","hsa.miR.30b.1"
"414","hsa.miR.30b..1"
"415","hsa.miR.30c.1..1"
"416","hsa.miR.30c.2..2"
"417","hsa.miR.30c.2..3"
"418","hsa.miR.30d.1"
"419","hsa.miR.30d..1"
"420","hsa.miR.30e.1"
"421","hsa.miR.30e..1"
"422","hsa.miR.31.3p.1"
"423","hsa.miR.31.5p.1"
"424","hsa.miR.3115.1"
"425","hsa.miR.3115..1"
"426","hsa.miR.3117.1"
"427","hsa.miR.3117..1"
"428","hsa.miR.3120.1"
"429","hsa.miR.3120..1"
"430","hsa.miR.3124.1"
"431","hsa.miR.3124..1"
"432","hsa.miR.3126.3p.1"
"433","hsa.miR.3126.5p.1"
"434","hsa.miR.3127.3p.1"
"435","hsa.miR.3127.5p.1"
"436","hsa.miR.3129.3p.1"
"437","hsa.miR.3129.5p.1"
"438","hsa.miR.3130.3p.1"
"439","hsa.miR.3130.5p.1"
"440","hsa.miR.3136.1"
"441","hsa.miR.3136..1"
"442","hsa.miR.3138.3p.1"
"443","hsa.miR.3138.5p.1"
"444","hsa.miR.3139.1"
"445","hsa.miR.3139..1"
"446","hsa.miR.3140.3p.1"
"447","hsa.miR.3140.5p.1"
"448","hsa.miR.3143.3p.1"
"449","hsa.miR.3143.5p.1"
"450","hsa.miR.3144.1"
"451","hsa.miR.3144..1"
"452","hsa.miR.3145.3p.1"
"453","hsa.miR.3145.5p.1"
"454","hsa.miR.3146.3p.1"
"455","hsa.miR.3146.5p.1"
"456","hsa.miR.3149.1"
"457","hsa.miR.3149..1"
"458","hsa.miR.3150.3p.1"
"459","hsa.miR.3150.5p.1"
"460","hsa.miR.3151.1"
"461","hsa.miR.3151..1"
"462","hsa.miR.3152.1"
"463","hsa.miR.3152..1"
"464","hsa.miR.3155.3p.1"
"465","hsa.miR.3155.5p.1"
"466","hsa.miR.3157.3p.1"
"467","hsa.miR.3157.5p.1"
"468","hsa.miR.3158.1"
"469","hsa.miR.3158..1"
"470","hsa.miR.3170.1"
"471","hsa.miR.3170..1"
"472","hsa.miR.3171.3p.1"
"473","hsa.miR.3171.5p.1"
"474","hsa.miR.3173.1"
"475","hsa.miR.3173..1"
"476","hsa.miR.3174.1"
"477","hsa.miR.3174..1"
"478","hsa.miR.3175.1"
"479","hsa.miR.3175..1"
"480","hsa.miR.3176.1"
"481","hsa.miR.3176..1"
"482","hsa.miR.3177.1"
"483","hsa.miR.3177..1"
"484","hsa.miR.3183.1"
"485","hsa.miR.3183..1"
"486","hsa.miR.3187.1"
"487","hsa.miR.3187..1"
"488","hsa.miR.3189.1"
"489","hsa.miR.3189..1"
"490","hsa.miR.3193.1"
"491","hsa.miR.3193..1"
"492","hsa.miR.3194.3p.1"
"493","hsa.miR.3194.5p.1"
"494","hsa.miR.3198.1"
"495","hsa.miR.3198..1"
"496","hsa.miR.32.1"
"497","hsa.miR.32..1"
"498","hsa.miR.320.RNASEN.1"
"499","hsa.miR.320..RNASEN.1"
"500","hsa.miR.3200.1"
"501","hsa.miR.3200..1"
"502","hsa.miR.323a.1"
"503","hsa.miR.323a..1"
"504","hsa.miR.323b.1"
"505","hsa.miR.323b..1"
"506","hsa.miR.324.1"
"507","hsa.miR.324..1"
"508","hsa.miR.325.1"
"509","hsa.miR.325..1"
"510","hsa.miR.326.1"
"511","hsa.miR.326..1"
"512","hsa.miR.328.1"
"513","hsa.miR.328..1"
"514","hsa.miR.329.2..1"
"515","hsa.miR.329..2..1"
"516","hsa.miR.330.3p.1"
"517","hsa.miR.330.5p.1"
"518","hsa.miR.331.1"
"519","hsa.miR.331..1"
"520","hsa.miR.335.3p.1"
"521","hsa.miR.335.5p.1"
"522","hsa.miR.337.1"
"523","hsa.miR.337..1"
"524","hsa.miR.338.3p.1"
"525","hsa.miR.338.5p.1"
"526","hsa.miR.339.3p.1"
"527","hsa.miR.339.5p.1"
"528","hsa.miR.33a.1"
"529","hsa.miR.33a..1"
"530","hsa.miR.33b.1"
"531","hsa.miR.33b..1"
"532","hsa.miR.340.1"
"533","hsa.miR.340..1"
"534","hsa.miR.342.1"
"535","hsa.miR.342..1"
"536","hsa.miR.345.1"
"537","hsa.miR.345..1"
"538","hsa.miR.346.1"
"539","hsa.miR.346..1"
"540","hsa.miR.34a.1"
"541","hsa.miR.34a..1"
"542","hsa.miR.34b.1"
"543","hsa.miR.34b..1"
"544","hsa.miR.34c.1"
"545","hsa.miR.34c..1"
"546","hsa.miR.3605.3p.1"
"547","hsa.miR.3605.5p.1"
"548","hsa.miR.361.3p.1"
"549","hsa.miR.361.5p.1"
"550","hsa.miR.3611.1"
"551","hsa.miR.3611..1"
"552","hsa.miR.3612.1"
"553","hsa.miR.3612..1"
"554","hsa.miR.3613.1"
"555","hsa.miR.3613..1"
"556","hsa.miR.3614.3p.1"
"557","hsa.miR.3614.5p.1"
"558","hsa.miR.3617.1"
"559","hsa.miR.3617..1"
"560","hsa.miR.3619.3p.1"
"561","hsa.miR.3619.5p.1"
"562","hsa.miR.362.3p.1"
"563","hsa.miR.362.5p.1"
"564","hsa.miR.3622.3p.1"
"565","hsa.miR.3622.5p.1"
"566","hsa.miR.363.1"
"567","hsa.miR.363..1"
"568","hsa.miR.365.1..1"
"569","hsa.miR.365.2..2"
"570","hsa.miR.365.2..3"
"571","hsa.miR.3657.1"
"572","hsa.miR.3657..1"
"573","hsa.miR.3659.1"
"574","hsa.miR.3659..1"
"575","hsa.miR.3664.3p.1"
"576","hsa.miR.3664.5p.1"
"577","hsa.miR.3667.3p.1"
"578","hsa.miR.3667.5p.1"
"579","hsa.miR.367.1"
"580","hsa.miR.367..1"
"581","hsa.miR.3677.3p.1"
"582","hsa.miR.3677.5p.1"
"583","hsa.miR.3679.3p.1"
"584","hsa.miR.3679.5p.1"
"585","hsa.miR.3680.1"
"586","hsa.miR.3680..1"
"587","hsa.miR.3681.1"
"588","hsa.miR.3681..1"
"589","hsa.miR.3682.3p.1"
"590","hsa.miR.3682.5p.1"
"591","hsa.miR.3688.1"
"592","hsa.miR.3688..1"
"593","hsa.miR.369.1"
"594","hsa.miR.369..1"
"595","hsa.miR.3691.1"
"596","hsa.miR.3691..1"
"597","hsa.miR.370.1"
"598","hsa.miR.370..1"
"599","hsa.miR.371.1"
"600","hsa.miR.371..1"
"601","hsa.miR.372.1"
"602","hsa.miR.372..1"
"603","hsa.miR.373.1"
"604","hsa.miR.373..1"
"605","hsa.miR.374a.1"
"606","hsa.miR.374a..1"
"607","hsa.miR.374b.1"
"608","hsa.miR.374b..1"
"609","hsa.miR.375.1"
"610","hsa.miR.375..1"
"611","hsa.miR.376a.1.5p.1"
"612","hsa.miR.376a.2.5p.1"
"613","hsa.miR.376a.3p.2..1"
"614","hsa.miR.376b.1"
"615","hsa.miR.376b..1"
"616","hsa.miR.376c.1"
"617","hsa.miR.376c..1"
"618","hsa.miR.377.1"
"619","hsa.miR.377..1"
"620","hsa.miR.378.1"
"621","hsa.miR.378..1"
"622","hsa.miR.379.1"
"623","hsa.miR.379..1"
"624","hsa.miR.380.3p.1"
"625","hsa.miR.380.5p.1"
"626","hsa.miR.381.1"
"627","hsa.miR.381..1"
"628","hsa.miR.382.3p.1"
"629","hsa.miR.382.5p.1"
"630","hsa.miR.383.1"
"631","hsa.miR.383..1"
"632","hsa.miR.384.3p.1"
"633","hsa.miR.384.5p.1"
"634","hsa.miR.3909.1"
"635","hsa.miR.3909..1"
"636","hsa.miR.3910.1"
"637","hsa.miR.3910..1"
"638","hsa.miR.3912.1"
"639","hsa.miR.3912..1"
"640","hsa.miR.3919.3p.1"
"641","hsa.miR.3919.5p.1"
"642","hsa.miR.3922.1"
"643","hsa.miR.3922..1"
"644","hsa.miR.3928.1"
"645","hsa.miR.3928..1"
"646","hsa.miR.3934.1"
"647","hsa.miR.3934..1"
"648","hsa.miR.3938.1"
"649","hsa.miR.3938..1"
"650","hsa.miR.3939.3p.1"
"651","hsa.miR.3939.5p.1"
"652","hsa.miR.3940.1"
"653","hsa.miR.3940..1"
"654","hsa.miR.3942.3p.1"
"655","hsa.miR.3942.5p.1"
"656","hsa.miR.3944.3p.1"
"657","hsa.miR.3944.5p.1"
"658","hsa.miR.409.3p.1"
"659","hsa.miR.409.5p.1"
"660","hsa.miR.410.1"
"661","hsa.miR.410..1"
"662","hsa.miR.411.1"
"663","hsa.miR.411..1"
"664","hsa.miR.412.3p.1"
"665","hsa.miR.412.5p.1"
"666","hsa.miR.421.1"
"667","hsa.miR.421..1"
"668","hsa.miR.423.3p.1"
"669","hsa.miR.423.5p.1"
"670","hsa.miR.424.1"
"671","hsa.miR.424..1"
"672","hsa.miR.425.1"
"673","hsa.miR.425..1"
"674","hsa.miR.429.1"
"675","hsa.miR.429..1"
"676","hsa.miR.431.3p.1"
"677","hsa.miR.431.5p.1"
"678","hsa.miR.432.1"
"679","hsa.miR.432..1"
"680","hsa.miR.4326.1"
"681","hsa.miR.4326..1"
"682","hsa.miR.433.1"
"683","hsa.miR.433..1"
"684","hsa.miR.448.1"
"685","hsa.miR.448..1"
"686","hsa.miR.449a.1"
"687","hsa.miR.449a..1"
"688","hsa.miR.449b.1"
"689","hsa.miR.449b..1"
"690","hsa.miR.449c.3p.1"
"691","hsa.miR.449c.5p.1"
"692","hsa.miR.450a.1..1"
"693","hsa.miR.450a.2..2"
"694","hsa.miR.450a.2..3"
"695","hsa.miR.450b.1"
"696","hsa.miR.450b..1"
"697","hsa.miR.451.DICER1.1"
"698","hsa.miR.452.1"
"699","hsa.miR.452..1"
"700","hsa.miR.454.1"
"701","hsa.miR.454..1"
"702","hsa.miR.455.3p.1"
"703","hsa.miR.455.5p.1"
"704","hsa.miR.466.1"
"705","hsa.miR.466..1"
"706","hsa.miR.483.3p.1"
"707","hsa.miR.483.5p.1"
"708","hsa.miR.484.RNASEN.1"
"709","hsa.miR.484..RNASEN.1"
"710","hsa.miR.485.3p.1"
"711","hsa.miR.485.5p.1"
"712","hsa.miR.486.1"
"713","hsa.miR.486..1"
"714","hsa.miR.487a.3p.1"
"715","hsa.miR.487a.5p.1"
"716","hsa.miR.487b.1"
"717","hsa.miR.487b..1"
"718","hsa.miR.488.1"
"719","hsa.miR.488..1"
"720","hsa.miR.489.1"
"721","hsa.miR.489..1"
"722","hsa.miR.490.3p.1"
"723","hsa.miR.490.5p.1"
"724","hsa.miR.491.1"
"725","hsa.miR.491..1"
"726","hsa.miR.493.1"
"727","hsa.miR.493..1"
"728","hsa.miR.494.1"
"729","hsa.miR.494..1"
"730","hsa.miR.495.1"
"731","hsa.miR.495..1"
"732","hsa.miR.496.1"
"733","hsa.miR.496..1"
"734","hsa.miR.497.1"
"735","hsa.miR.497..1"
"736","hsa.miR.498.3p.1"
"737","hsa.miR.498.5p.1"
"738","hsa.miR.499.1"
"739","hsa.miR.499..1"
"740","hsa.miR.500a.1"
"741","hsa.miR.500a..2..1"
"742","hsa.miR.500b..1"
"743","hsa.miR.501.3p.1"
"744","hsa.miR.501.5p.1"
"745","hsa.miR.502.1"
"746","hsa.miR.502..1"
"747","hsa.miR.503.1"
"748","hsa.miR.503..1"
"749","hsa.miR.504.1"
"750","hsa.miR.504..1"
"751","hsa.miR.505.1"
"752","hsa.miR.505..1"
"753","hsa.miR.506.1"
"754","hsa.miR.506..1"
"755","hsa.miR.508.1"
"756","hsa.miR.508..1"
"757","hsa.miR.509.3.5p.1"
"758","hsa.miR.509.3p.3..1"
"759","hsa.miR.509.5p.2..1"
"760","hsa.miR.510.3p.1"
"761","hsa.miR.510.5p.1"
"762","hsa.miR.511.3p.2..1"
"763","hsa.miR.511.5p.2..1"
"764","hsa.miR.512.3p.2..1"
"765","hsa.miR.512.5p.2..1"
"766","hsa.miR.513a.3p.2..1"
"767","hsa.miR.513a.5p.2..1"
"768","hsa.miR.513b.1"
"769","hsa.miR.513b..1"
"770","hsa.miR.513c.3p.1"
"771","hsa.miR.513c.5p.1"
"772","hsa.miR.514a.3..1"
"773","hsa.miR.514a..3..1"
"774","hsa.miR.514b.3p.1"
"775","hsa.miR.514b.5p.1"
"776","hsa.miR.515.3p.2..1"
"777","hsa.miR.515.5p.2..1"
"778","hsa.miR.516a.2..1"
"779","hsa.miR.516a..2..1"
"780","hsa.miR.516b.1.1"
"781","hsa.miR.516b.2.1"
"782","hsa.miR.516b..2..1"
"783","hsa.miR.517a.2..1"
"784","hsa.miR.517a..2..1"
"785","hsa.miR.517b.1"
"786","hsa.miR.517b..1"
"787","hsa.miR.518a.3p.2..1"
"788","hsa.miR.518a.5p.2..1"
"789","hsa.miR.518b.1"
"790","hsa.miR.518b..1"
"791","hsa.miR.518c.1"
"792","hsa.miR.518c..1"
"793","hsa.miR.518d.1"
"794","hsa.miR.518d..1"
"795","hsa.miR.518e.3p.1"
"796","hsa.miR.518e.5p.1"
"797","hsa.miR.518f.1"
"798","hsa.miR.518f..1"
"799","hsa.miR.519a.1..1"
"800","hsa.miR.519a.2..2"
"801","hsa.miR.519a.2..3"
"802","hsa.miR.519b.1"
"803","hsa.miR.519b..1"
"804","hsa.miR.519c.1"
"805","hsa.miR.519c..1"
"806","hsa.miR.519d.1"
"807","hsa.miR.519d..1"
"808","hsa.miR.519e.3p.1"
"809","hsa.miR.519e.5p.1"
"810","hsa.miR.520a.1"
"811","hsa.miR.520a..1"
"812","hsa.miR.520b.3p.1"
"813","hsa.miR.520b.5p.1"
"814","hsa.miR.520c.1"
"815","hsa.miR.520c..1"
"816","hsa.miR.520d.3p.1"
"817","hsa.miR.520d.5p.1"
"818","hsa.miR.520e.1"
"819","hsa.miR.520e..1"
"820","hsa.miR.520f.1"
"821","hsa.miR.520f..1"
"822","hsa.miR.520g.1"
"823","hsa.miR.520g..1"
"824","hsa.miR.520h.1"
"825","hsa.miR.520h..1"
"826","hsa.miR.521.1..1"
"827","hsa.miR.521.2..2"
"828","hsa.miR.521.2..3"
"829","hsa.miR.522.1"
"830","hsa.miR.522..1"
"831","hsa.miR.523.3p.1"
"832","hsa.miR.523.5p.1"
"833","hsa.miR.524.1"
"834","hsa.miR.524..1"
"835","hsa.miR.525.3p.1"
"836","hsa.miR.525.5p.1"
"837","hsa.miR.526a.1.3p.1"
"838","hsa.miR.526a.2.3p.1"
"839","hsa.miR.526a.5p.2..1"
"840","hsa.miR.526b.3p.1"
"841","hsa.miR.526b.5p.1"
"842","hsa.miR.527.3p.1"
"843","hsa.miR.527.5p.1"
"844","hsa.miR.532.3p.1"
"845","hsa.miR.532.5p.1"
"846","hsa.miR.539.1"
"847","hsa.miR.539..1"
"848","hsa.miR.541.3p.1"
"849","hsa.miR.541.5p.1"
"850","hsa.miR.542.1"
"851","hsa.miR.542..1"
"852","hsa.miR.543.1"
"853","hsa.miR.543..1"
"854","hsa.miR.544.3p.1"
"855","hsa.miR.544.5p.1"
"856","hsa.miR.545.3p.1"
"857","hsa.miR.545.5p.1"
"858","hsa.miR.549.3p.1"
"859","hsa.miR.549.5p.1"
"860","hsa.miR.550.3p.2..1"
"861","hsa.miR.550.5p.2..1"
"862","hsa.miR.551a.1"
"863","hsa.miR.551a..1"
"864","hsa.miR.551b.1"
"865","hsa.miR.551b..1"
"866","hsa.miR.552.3p.1"
"867","hsa.miR.552.5p.1"
"868","hsa.miR.556.3p.1"
"869","hsa.miR.556.5p.1"
"870","hsa.miR.559.3p.1"
"871","hsa.miR.559.5p.1"
"872","hsa.miR.561.1"
"873","hsa.miR.561..1"
"874","hsa.miR.570.3p.1"
"875","hsa.miR.570.5p.1"
"876","hsa.miR.574.3p.1"
"877","hsa.miR.574.5p.1"
"878","hsa.miR.576.3p.1"
"879","hsa.miR.576.5p.1"
"880","hsa.miR.577.1"
"881","hsa.miR.577..1"
"882","hsa.miR.579.3p.1"
"883","hsa.miR.579.5p.1"
"884","hsa.miR.580.1"
"885","hsa.miR.580..1"
"886","hsa.miR.581.1"
"887","hsa.miR.581..1"
"888","hsa.miR.582.1"
"889","hsa.miR.582..1"
"890","hsa.miR.584.1"
"891","hsa.miR.584..1"
"892","hsa.miR.585.1"
"893","hsa.miR.585..1"
"894","hsa.miR.588.1"
"895","hsa.miR.588..1"
"896","hsa.miR.589.1"
"897","hsa.miR.589..1"
"898","hsa.miR.590.3p.1"
"899","hsa.miR.590.5p.1"
"900","hsa.miR.592.1"
"901","hsa.miR.592..1"
"902","hsa.miR.597.1"
"903","hsa.miR.597..1"
"904","hsa.miR.598.1"
"905","hsa.miR.598..1"
"906","hsa.miR.599.1"
"907","hsa.miR.599..1"
"908","hsa.miR.605.3p.1"
"909","hsa.miR.605.5p.1"
"910","hsa.miR.610.1"
"911","hsa.miR.610..1"
"912","hsa.miR.615.3p.1"
"913","hsa.miR.615.5p.1"
"914","hsa.miR.616.3p.1"
"915","hsa.miR.616.5p.1"
"916","hsa.miR.618.1"
"917","hsa.miR.624.3p.1"
"918","hsa.miR.624.5p.1"
"919","hsa.miR.625.3p.1"
"920","hsa.miR.625.5p.1"
"921","hsa.miR.627.3p.1"
"922","hsa.miR.627.5p.1"
"923","hsa.miR.628.1"
"924","hsa.miR.628..1"
"925","hsa.miR.629.1"
"926","hsa.miR.629..1"
"927","hsa.miR.641.1"
"928","hsa.miR.641..1"
"929","hsa.miR.642.3p.1"
"930","hsa.miR.642.5p.1"
"931","hsa.miR.643.1"
"932","hsa.miR.643..1"
"933","hsa.miR.651.1"
"934","hsa.miR.651..1"
"935","hsa.miR.652.1"
"936","hsa.miR.652..1"
"937","hsa.miR.653.3p.1"
"938","hsa.miR.653.5p.1"
"939","hsa.miR.654.1"
"940","hsa.miR.654..1"
"941","hsa.miR.655.1"
"942","hsa.miR.655..1"
"943","hsa.miR.656.1"
"944","hsa.miR.656..1"
"945","hsa.miR.659.1"
"946","hsa.miR.659..1"
"947","hsa.miR.660.1"
"948","hsa.miR.660..1"
"949","hsa.miR.665.1"
"950","hsa.miR.665..1"
"951","hsa.miR.668.1"
"952","hsa.miR.668..1"
"953","hsa.miR.670.1"
"954","hsa.miR.670..1"
"955","hsa.miR.671.1"
"956","hsa.miR.671..1"
"957","hsa.miR.675.1"
"958","hsa.miR.675..1"
"959","hsa.miR.676.1"
"960","hsa.miR.676..1"
"961","hsa.miR.7.1..1"
"962","hsa.miR.7.2..1"
"963","hsa.miR.7.3..2"
"964","hsa.miR.7.3..3"
"965","hsa.miR.708.1"
"966","hsa.miR.708..1"
"967","hsa.miR.744.1"
"968","hsa.miR.744..1"
"969","hsa.miR.758.1"
"970","hsa.miR.758..1"
"971","hsa.miR.760.1"
"972","hsa.miR.760..1"
"973","hsa.miR.766.1"
"974","hsa.miR.766..1"
"975","hsa.miR.767.1"
"976","hsa.miR.767..1"
"977","hsa.miR.769.1"
"978","hsa.miR.769..1"
"979","hsa.miR.770.3p.1"
"980","hsa.miR.770.5p.1"
"981","hsa.miR.873.1"
"982","hsa.miR.873..1"
"983","hsa.miR.874.1"
"984","hsa.miR.874..1"
"985","hsa.miR.875.3p.1"
"986","hsa.miR.875.5p.1"
"987","hsa.miR.876.3p.1"
"988","hsa.miR.876.5p.1"
"989","hsa.miR.885.1"
"990","hsa.miR.885..1"
"991","hsa.miR.887.1"
"992","hsa.miR.887..1"
"993","hsa.miR.888.1"
"994","hsa.miR.888..1"
"995","hsa.miR.889.1"
"996","hsa.miR.889..1"
"997","hsa.miR.890.3p.1"
"998","hsa.miR.890.5p.1"
"999","hsa.miR.891a.1"
"1000","hsa.miR.891a..1"
"1001","hsa.miR.891b.1"
"1002","hsa.miR.891b..1"
"1003","hsa.miR.892a.1"
"1004","hsa.miR.892a..1"
"1005","hsa.miR.892b.1"
"1006","hsa.miR.892b..1"
"1007","hsa.miR.9.3..1"
"1008","hsa.miR.9..3..1"
"1009","hsa.miR.92a.1..1"
"1010","hsa.miR.92a.2..2"
"1011","hsa.miR.92a.2..3"
"1012","hsa.miR.92b.1"
"1013","hsa.miR.92b..1"
"1014","hsa.miR.93.1"
"1015","hsa.miR.93..1"
"1016","hsa.miR.934.1"
"1017","hsa.miR.934..1"
"1018","hsa.miR.937.1"
"1019","hsa.miR.937..1"
"1020","hsa.miR.942.1"
"1021","hsa.miR.942..1"
"1022","hsa.miR.944.1"
"1023","hsa.miR.944..1"
"1024","hsa.miR.95.1"
"1025","hsa.miR.95..1"
"1026","hsa.miR.96.1"
"1027","hsa.miR.96..1"
"1028","hsa.miR.98.1"
"1029","hsa.miR.98..1"
"1030","hsa.miR.99a.1"
"1031","hsa.miR.99a..1"
"1032","hsa.miR.99b.1"
"1033","hsa.miR.99b..1"
"1034","hsa.let.7a.2."
"1035","hsa.let.7a.3."
"1036","hsa.let.7a..2."
"1037","hsa.let.7b"
"1038","hsa.let.7b."
"1039","hsa.let.7c"
"1040","hsa.let.7c."
"1041","hsa.let.7d"
"1042","hsa.let.7d."
"1043","hsa.let.7e"
"1044","hsa.let.7e."
"1045","hsa.let.7f.1."
"1046","hsa.let.7f.2."
"1047","hsa.let.7f.2..1"
"1048","hsa.let.7g"
"1049","hsa.let.7g."
"1050","hsa.let.7i"
"1051","hsa.let.7i."
"1052","hsa.miR.1.1."
"1053","hsa.miR.1.2."
"1054","hsa.miR.1.2..1"
"1055","hsa.miR.100"
"1056","hsa.miR.100."
"1057","hsa.miR.101.1."
"1058","hsa.miR.101.2."
"1059","hsa.miR.101.2..1"
"1060","hsa.miR.103.1."
"1061","hsa.miR.103.2."
"1062","hsa.miR.103.2..1"
"1063","hsa.miR.105.2."
"1064","hsa.miR.105..2."
"1065","hsa.miR.106a"
"1066","hsa.miR.106a."
"1067","hsa.miR.106b"
"1068","hsa.miR.106b."
"1069","hsa.miR.107"
"1070","hsa.miR.107."
"1071","hsa.miR.10a"
"1072","hsa.miR.10a."
"1073","hsa.miR.10b"
"1074","hsa.miR.10b."
"1075","hsa.miR.1179"
"1076","hsa.miR.1179."
"1077","hsa.miR.1180"
"1078","hsa.miR.1180."
"1079","hsa.miR.1185.1.3p"
"1080","hsa.miR.1185.2.3p"
"1081","hsa.miR.1185.5p.2."
"1082","hsa.miR.1193.3p"
"1083","hsa.miR.1193.5p"
"1084","hsa.miR.1197"
"1085","hsa.miR.1197."
"1086","hsa.miR.122"
"1087","hsa.miR.122."
"1088","hsa.miR.124.3."
"1089","hsa.miR.124..3."
"1090","hsa.miR.1245.3p"
"1091","hsa.miR.1245.5p"
"1092","hsa.miR.1247"
"1093","hsa.miR.1247."
"1094","hsa.miR.1249"
"1095","hsa.miR.1249."
"1096","hsa.miR.1250"
"1097","hsa.miR.1250."
"1098","hsa.miR.1251"
"1099","hsa.miR.1251."
"1100","hsa.miR.1252"
"1101","hsa.miR.1252."
"1102","hsa.miR.1255a.3p"
"1103","hsa.miR.1255a.5p"
"1104","hsa.miR.1255b"
"1105","hsa.miR.1255b."
"1106","hsa.miR.1256.3p"
"1107","hsa.miR.1256.5p"
"1108","hsa.miR.1258.3p"
"1109","hsa.miR.1258.5p"
"1110","hsa.miR.125a"
"1111","hsa.miR.125a."
"1112","hsa.miR.125b.1."
"1113","hsa.miR.125b.2."
"1114","hsa.miR.125b.2..1"
"1115","hsa.miR.126"
"1116","hsa.miR.126."
"1117","hsa.miR.1263.3p"
"1118","hsa.miR.1263.5p"
"1119","hsa.miR.1264"
"1120","hsa.miR.1264."
"1121","hsa.miR.1266"
"1122","hsa.miR.1266."
"1123","hsa.miR.1269"
"1124","hsa.miR.1269."
"1125","hsa.miR.127.3p"
"1126","hsa.miR.127.5p"
"1127","hsa.miR.1270.2."
"1128","hsa.miR.1270..2."
"1129","hsa.miR.1271"
"1130","hsa.miR.1271."
"1131","hsa.miR.1277.3p"
"1132","hsa.miR.1277.5p"
"1133","hsa.miR.1278"
"1134","hsa.miR.1278."
"1135","hsa.miR.128.1."
"1136","hsa.miR.128.2."
"1137","hsa.miR.128.2..1"
"1138","hsa.miR.1283.1.3p"
"1139","hsa.miR.1283.2.3p"
"1140","hsa.miR.1283.5p.2."
"1141","hsa.miR.1284.3p"
"1142","hsa.miR.1284.5p"
"1143","hsa.miR.1286"
"1144","hsa.miR.1286."
"1145","hsa.miR.1287"
"1146","hsa.miR.1287."
"1147","hsa.miR.1289.3p"
"1148","hsa.miR.1289.5p"
"1149","hsa.miR.129.1.3p"
"1150","hsa.miR.129.2.3p"
"1151","hsa.miR.129.5p.2."
"1152","hsa.miR.1293.3p"
"1153","hsa.miR.1293.5p"
"1154","hsa.miR.1294.3p"
"1155","hsa.miR.1294.5p"
"1156","hsa.miR.1295"
"1157","hsa.miR.1295."
"1158","hsa.miR.1296"
"1159","hsa.miR.1296."
"1160","hsa.miR.1298.3p"
"1161","hsa.miR.1298.5p"
"1162","hsa.miR.1301"
"1163","hsa.miR.1301."
"1164","hsa.miR.1303.3p"
"1165","hsa.miR.1303.5p"
"1166","hsa.miR.1304.3p"
"1167","hsa.miR.1304.5p"
"1168","hsa.miR.1305"
"1169","hsa.miR.1305."
"1170","hsa.miR.1306.3p"
"1171","hsa.miR.1306.5p"
"1172","hsa.miR.1307"
"1173","hsa.miR.1307."
"1174","hsa.miR.130a"
"1175","hsa.miR.130a."
"1176","hsa.miR.130b.3p"
"1177","hsa.miR.130b.5p"
"1178","hsa.miR.132.3p"
"1179","hsa.miR.132.5p"
"1180","hsa.miR.1323"
"1181","hsa.miR.1323."
"1182","hsa.miR.133a.2."
"1183","hsa.miR.133a..2."
"1184","hsa.miR.133b"
"1185","hsa.miR.133b."
"1186","hsa.miR.134"
"1187","hsa.miR.134."
"1188","hsa.miR.135a.1."
"1189","hsa.miR.135a.2."
"1190","hsa.miR.135a.2..1"
"1191","hsa.miR.135b"
"1192","hsa.miR.135b."
"1193","hsa.miR.136.3p"
"1194","hsa.miR.136.5p"
"1195","hsa.miR.137"
"1196","hsa.miR.137."
"1197","hsa.miR.138.1."
"1198","hsa.miR.138.2."
"1199","hsa.miR.138.2..1"
"1200","hsa.miR.139"
"1201","hsa.miR.139."
"1202","hsa.miR.140.3p"
"1203","hsa.miR.140.5p"
"1204","hsa.miR.141"
"1205","hsa.miR.141."
"1206","hsa.miR.142.3p"
"1207","hsa.miR.142.5p"
"1208","hsa.miR.143"
"1209","hsa.miR.143."
"1210","hsa.miR.144"
"1211","hsa.miR.144."
"1212","hsa.miR.145"
"1213","hsa.miR.145."
"1214","hsa.miR.1468"
"1215","hsa.miR.1468."
"1216","hsa.miR.146a"
"1217","hsa.miR.146a."
"1218","hsa.miR.146b"
"1219","hsa.miR.146b."
"1220","hsa.miR.147"
"1221","hsa.miR.147."
"1222","hsa.miR.148a"
"1223","hsa.miR.148a."
"1224","hsa.miR.148b"
"1225","hsa.miR.148b."
"1226","hsa.miR.149"
"1227","hsa.miR.149."
"1228","hsa.miR.150"
"1229","hsa.miR.150."
"1230","hsa.miR.151.3p"
"1231","hsa.miR.151.5p"
"1232","hsa.miR.152"
"1233","hsa.miR.152."
"1234","hsa.miR.153.1."
"1235","hsa.miR.153.2."
"1236","hsa.miR.153.2..1"
"1237","hsa.miR.1537"
"1238","hsa.miR.1537."
"1239","hsa.miR.154.3p"
"1240","hsa.miR.154.5p"
"1241","hsa.miR.155"
"1242","hsa.miR.155."
"1243","hsa.miR.15a"
"1244","hsa.miR.15a."
"1245","hsa.miR.15b"
"1246","hsa.miR.15b."
"1247","hsa.miR.16.1."
"1248","hsa.miR.16.2."
"1249","hsa.miR.16.2..1"
"1250","hsa.miR.17"
"1251","hsa.miR.17."
"1252","hsa.miR.181a.1."
"1253","hsa.miR.181a.2."
"1254","hsa.miR.181a.2..1"
"1255","hsa.miR.181b.1."
"1256","hsa.miR.181b.2."
"1257","hsa.miR.181b.2..1"
"1258","hsa.miR.181c"
"1259","hsa.miR.181c."
"1260","hsa.miR.181d"
"1261","hsa.miR.181d."
"1262","hsa.miR.182"
"1263","hsa.miR.182."
"1264","hsa.miR.183"
"1265","hsa.miR.183."
"1266","hsa.miR.184"
"1267","hsa.miR.184."
"1268","hsa.miR.185"
"1269","hsa.miR.185."
"1270","hsa.miR.186"
"1271","hsa.miR.186."
"1272","hsa.miR.187"
"1273","hsa.miR.187."
"1274","hsa.miR.188"
"1275","hsa.miR.188."
"1276","hsa.miR.18a"
"1277","hsa.miR.18a."
"1278","hsa.miR.18b"
"1279","hsa.miR.18b."
"1280","hsa.miR.1908"
"1281","hsa.miR.1908."
"1282","hsa.miR.190a"
"1283","hsa.miR.190a."
"1284","hsa.miR.190b"
"1285","hsa.miR.190b."
"1286","hsa.miR.191"
"1287","hsa.miR.191."
"1288","hsa.miR.1910"
"1289","hsa.miR.1910."
"1290","hsa.miR.1911"
"1291","hsa.miR.1911."
"1292","hsa.miR.1912.3p"
"1293","hsa.miR.1912.5p"
"1294","hsa.miR.1914.3p"
"1295","hsa.miR.1914.5p"
"1296","hsa.miR.192"
"1297","hsa.miR.192."
"1298","hsa.miR.193a.3p"
"1299","hsa.miR.193a.5p"
"1300","hsa.miR.193b"
"1301","hsa.miR.193b."
"1302","hsa.miR.194.1."
"1303","hsa.miR.194.2."
"1304","hsa.miR.194.2..1"
"1305","hsa.miR.195"
"1306","hsa.miR.195."
"1307","hsa.miR.196a.1."
"1308","hsa.miR.196a.2."
"1309","hsa.miR.196a.2..1"
"1310","hsa.miR.196b"
"1311","hsa.miR.196b."
"1312","hsa.miR.197"
"1313","hsa.miR.197."
"1314","hsa.miR.199a.3p.2."
"1315","hsa.miR.199a.5p.2."
"1316","hsa.miR.199b.3p"
"1317","hsa.miR.199b.5p"
"1318","hsa.miR.19a"
"1319","hsa.miR.19a."
"1320","hsa.miR.19b.1."
"1321","hsa.miR.19b.2."
"1322","hsa.miR.19b.2..1"
"1323","hsa.miR.200a"
"1324","hsa.miR.200a."
"1325","hsa.miR.200b"
"1326","hsa.miR.200b."
"1327","hsa.miR.200c"
"1328","hsa.miR.200c."
"1329","hsa.miR.202.3p"
"1330","hsa.miR.202.5p"
"1331","hsa.miR.203"
"1332","hsa.miR.203."
"1333","hsa.miR.204"
"1334","hsa.miR.204."
"1335","hsa.miR.205"
"1336","hsa.miR.205."
"1337","hsa.miR.206"
"1338","hsa.miR.206."
"1339","hsa.miR.208a"
"1340","hsa.miR.208a."
"1341","hsa.miR.208b"
"1342","hsa.miR.208b."
"1343","hsa.miR.20a"
"1344","hsa.miR.20a."
"1345","hsa.miR.20b"
"1346","hsa.miR.20b."
"1347","hsa.miR.21"
"1348","hsa.miR.21."
"1349","hsa.miR.210"
"1350","hsa.miR.210."
"1351","hsa.miR.211"
"1352","hsa.miR.211."
"1353","hsa.miR.2110"
"1354","hsa.miR.2110."
"1355","hsa.miR.2114"
"1356","hsa.miR.2114."
"1357","hsa.miR.2115"
"1358","hsa.miR.2115."
"1359","hsa.miR.2116.3p"
"1360","hsa.miR.2116.5p"
"1361","hsa.miR.212.3p"
"1362","hsa.miR.212.5p"
"1363","hsa.miR.214.3p"
"1364","hsa.miR.214.5p"
"1365","hsa.miR.215"
"1366","hsa.miR.215."
"1367","hsa.miR.216a"
"1368","hsa.miR.216a."
"1369","hsa.miR.216b"
"1370","hsa.miR.216b."
"1371","hsa.miR.217"
"1372","hsa.miR.217."
"1373","hsa.miR.218.1."
"1374","hsa.miR.218.2."
"1375","hsa.miR.218.2..1"
"1376","hsa.miR.219.1.3p"
"1377","hsa.miR.219.2.3p"
"1378","hsa.miR.219.5p.2."
"1379","hsa.miR.22"
"1380","hsa.miR.22."
"1381","hsa.miR.221"
"1382","hsa.miR.221."
"1383","hsa.miR.222"
"1384","hsa.miR.222."
"1385","hsa.miR.223"
"1386","hsa.miR.223."
"1387","hsa.miR.224"
"1388","hsa.miR.224."
"1389","hsa.miR.2276.3p"
"1390","hsa.miR.2276.5p"
"1391","hsa.miR.2277"
"1392","hsa.miR.2277."
"1393","hsa.miR.2278"
"1394","hsa.miR.2278."
"1395","hsa.miR.2355.3p"
"1396","hsa.miR.2355.5p"
"1397","hsa.miR.23a"
"1398","hsa.miR.23a."
"1399","hsa.miR.23b"
"1400","hsa.miR.23b."
"1401","hsa.miR.24.1."
"1402","hsa.miR.24.2."
"1403","hsa.miR.24.2..1"
"1404","hsa.miR.25"
"1405","hsa.miR.25."
"1406","hsa.miR.26a.1."
"1407","hsa.miR.26a.2."
"1408","hsa.miR.26a.2..1"
"1409","hsa.miR.26b"
"1410","hsa.miR.26b."
"1411","hsa.miR.27a"
"1412","hsa.miR.27a."
"1413","hsa.miR.27b"
"1414","hsa.miR.27b."
"1415","hsa.miR.28.3p"
"1416","hsa.miR.28.5p"
"1417","hsa.miR.296.3p"
"1418","hsa.miR.296.5p"
"1419","hsa.miR.299.3p"
"1420","hsa.miR.299.5p"
"1421","hsa.miR.29a"
"1422","hsa.miR.29a."
"1423","hsa.miR.29b.1."
"1424","hsa.miR.29b.2."
"1425","hsa.miR.29b.2..1"
"1426","hsa.miR.29c"
"1427","hsa.miR.29c."
"1428","hsa.miR.301a"
"1429","hsa.miR.301a."
"1430","hsa.miR.301b"
"1431","hsa.miR.301b."
"1432","hsa.miR.302a.3p"
"1433","hsa.miR.302a.5p"
"1434","hsa.miR.302b"
"1435","hsa.miR.302b."
"1436","hsa.miR.302c"
"1437","hsa.miR.302c."
"1438","hsa.miR.302d"
"1439","hsa.miR.302d."
"1440","hsa.miR.3065.3p"
"1441","hsa.miR.3065.5p"
"1442","hsa.miR.3074.3p"
"1443","hsa.miR.3074.5p"
"1444","hsa.miR.30a"
"1445","hsa.miR.30a."
"1446","hsa.miR.30b"
"1447","hsa.miR.30b."
"1448","hsa.miR.30c.1."
"1449","hsa.miR.30c.2."
"1450","hsa.miR.30c.2..1"
"1451","hsa.miR.30d"
"1452","hsa.miR.30d."
"1453","hsa.miR.30e"
"1454","hsa.miR.30e."
"1455","hsa.miR.31.3p"
"1456","hsa.miR.31.5p"
"1457","hsa.miR.3115"
"1458","hsa.miR.3115."
"1459","hsa.miR.3117"
"1460","hsa.miR.3117."
"1461","hsa.miR.3120"
"1462","hsa.miR.3120."
"1463","hsa.miR.3124"
"1464","hsa.miR.3124."
"1465","hsa.miR.3126.3p"
"1466","hsa.miR.3126.5p"
"1467","hsa.miR.3127.3p"
"1468","hsa.miR.3127.5p"
"1469","hsa.miR.3129.3p"
"1470","hsa.miR.3129.5p"
"1471","hsa.miR.3130.3p"
"1472","hsa.miR.3130.5p"
"1473","hsa.miR.3136"
"1474","hsa.miR.3136."
"1475","hsa.miR.3138.3p"
"1476","hsa.miR.3138.5p"
"1477","hsa.miR.3139"
"1478","hsa.miR.3139."
"1479","hsa.miR.3140.3p"
"1480","hsa.miR.3140.5p"
"1481","hsa.miR.3143.3p"
"1482","hsa.miR.3143.5p"
"1483","hsa.miR.3144"
"1484","hsa.miR.3144."
"1485","hsa.miR.3145.3p"
"1486","hsa.miR.3145.5p"
"1487","hsa.miR.3146.3p"
"1488","hsa.miR.3146.5p"
"1489","hsa.miR.3149"
"1490","hsa.miR.3149."
"1491","hsa.miR.3150.3p"
"1492","hsa.miR.3150.5p"
"1493","hsa.miR.3151"
"1494","hsa.miR.3151."
"1495","hsa.miR.3152"
"1496","hsa.miR.3152."
"1497","hsa.miR.3155.3p"
"1498","hsa.miR.3155.5p"
"1499","hsa.miR.3157.3p"
"1500","hsa.miR.3157.5p"
"1501","hsa.miR.3158"
"1502","hsa.miR.3158."
"1503","hsa.miR.3170"
"1504","hsa.miR.3170."
"1505","hsa.miR.3171.3p"
"1506","hsa.miR.3171.5p"
"1507","hsa.miR.3173"
"1508","hsa.miR.3173."
"1509","hsa.miR.3174"
"1510","hsa.miR.3174."
"1511","hsa.miR.3175"
"1512","hsa.miR.3175."
"1513","hsa.miR.3176"
"1514","hsa.miR.3176."
"1515","hsa.miR.3177"
"1516","hsa.miR.3177."
"1517","hsa.miR.3183"
"1518","hsa.miR.3183."
"1519","hsa.miR.3187"
"1520","hsa.miR.3187."
"1521","hsa.miR.3189"
"1522","hsa.miR.3189."
"1523","hsa.miR.3193"
"1524","hsa.miR.3193."
"1525","hsa.miR.3194.3p"
"1526","hsa.miR.3194.5p"
"1527","hsa.miR.3198"
"1528","hsa.miR.3198."
"1529","hsa.miR.32"
"1530","hsa.miR.32."
"1531","hsa.miR.320.RNASEN"
"1532","hsa.miR.320..RNASEN"
"1533","hsa.miR.3200"
"1534","hsa.miR.3200."
"1535","hsa.miR.323a"
"1536","hsa.miR.323a."
"1537","hsa.miR.323b"
"1538","hsa.miR.323b."
"1539","hsa.miR.324"
"1540","hsa.miR.324."
"1541","hsa.miR.325"
"1542","hsa.miR.325."
"1543","hsa.miR.326"
"1544","hsa.miR.326."
"1545","hsa.miR.328"
"1546","hsa.miR.328."
"1547","hsa.miR.329.2."
"1548","hsa.miR.329..2."
"1549","hsa.miR.330.3p"
"1550","hsa.miR.330.5p"
"1551","hsa.miR.331"
"1552","hsa.miR.331."
"1553","hsa.miR.335.3p"
"1554","hsa.miR.335.5p"
"1555","hsa.miR.337"
"1556","hsa.miR.337."
"1557","hsa.miR.338.3p"
"1558","hsa.miR.338.5p"
"1559","hsa.miR.339.3p"
"1560","hsa.miR.339.5p"
"1561","hsa.miR.33a"
"1562","hsa.miR.33a."
"1563","hsa.miR.33b"
"1564","hsa.miR.33b."
"1565","hsa.miR.340"
"1566","hsa.miR.340."
"1567","hsa.miR.342"
"1568","hsa.miR.342."
"1569","hsa.miR.345"
"1570","hsa.miR.345."
"1571","hsa.miR.346"
"1572","hsa.miR.346."
"1573","hsa.miR.34a"
"1574","hsa.miR.34a."
"1575","hsa.miR.34b"
"1576","hsa.miR.34b."
"1577","hsa.miR.34c"
"1578","hsa.miR.34c."
"1579","hsa.miR.3605.3p"
"1580","hsa.miR.3605.5p"
"1581","hsa.miR.361.3p"
"1582","hsa.miR.361.5p"
"1583","hsa.miR.3611"
"1584","hsa.miR.3611."
"1585","hsa.miR.3612"
"1586","hsa.miR.3612."
"1587","hsa.miR.3613"
"1588","hsa.miR.3613."
"1589","hsa.miR.3614.3p"
"1590","hsa.miR.3614.5p"
"1591","hsa.miR.3617"
"1592","hsa.miR.3617."
"1593","hsa.miR.3619.3p"
"1594","hsa.miR.3619.5p"
"1595","hsa.miR.362.3p"
"1596","hsa.miR.362.5p"
"1597","hsa.miR.3622.3p"
"1598","hsa.miR.3622.5p"
"1599","hsa.miR.363"
"1600","hsa.miR.363."
"1601","hsa.miR.365.1."
"1602","hsa.miR.365.2."
"1603","hsa.miR.365.2..1"
"1604","hsa.miR.3657"
"1605","hsa.miR.3657."
"1606","hsa.miR.3659"
"1607","hsa.miR.3659."
"1608","hsa.miR.3664.3p"
"1609","hsa.miR.3664.5p"
"1610","hsa.miR.3667.3p"
"1611","hsa.miR.3667.5p"
"1612","hsa.miR.367"
"1613","hsa.miR.367."
"1614","hsa.miR.3677.3p"
"1615","hsa.miR.3677.5p"
"1616","hsa.miR.3679.3p"
"1617","hsa.miR.3679.5p"
"1618","hsa.miR.3680"
"1619","hsa.miR.3680."
"1620","hsa.miR.3681"
"1621","hsa.miR.3681."
"1622","hsa.miR.3682.3p"
"1623","hsa.miR.3682.5p"
"1624","hsa.miR.3688"
"1625","hsa.miR.3688."
"1626","hsa.miR.369"
"1627","hsa.miR.369."
"1628","hsa.miR.3691"
"1629","hsa.miR.3691."
"1630","hsa.miR.370"
"1631","hsa.miR.370."
"1632","hsa.miR.371"
"1633","hsa.miR.371."
"1634","hsa.miR.372"
"1635","hsa.miR.372."
"1636","hsa.miR.373"
"1637","hsa.miR.373."
"1638","hsa.miR.374a"
"1639","hsa.miR.374a."
"1640","hsa.miR.374b"
"1641","hsa.miR.374b."
"1642","hsa.miR.375"
"1643","hsa.miR.375."
"1644","hsa.miR.376a.1.5p"
"1645","hsa.miR.376a.2.5p"
"1646","hsa.miR.376a.3p.2."
"1647","hsa.miR.376b"
"1648","hsa.miR.376b."
"1649","hsa.miR.376c"
"1650","hsa.miR.376c."
"1651","hsa.miR.377"
"1652","hsa.miR.377."
"1653","hsa.miR.378"
"1654","hsa.miR.378."
"1655","hsa.miR.379"
"1656","hsa.miR.379."
"1657","hsa.miR.380.3p"
"1658","hsa.miR.380.5p"
"1659","hsa.miR.381"
"1660","hsa.miR.381."
"1661","hsa.miR.382.3p"
"1662","hsa.miR.382.5p"
"1663","hsa.miR.383"
"1664","hsa.miR.383."
"1665","hsa.miR.384.3p"
"1666","hsa.miR.384.5p"
"1667","hsa.miR.3909"
"1668","hsa.miR.3909."
"1669","hsa.miR.3910"
"1670","hsa.miR.3910."
"1671","hsa.miR.3912"
"1672","hsa.miR.3912."
"1673","hsa.miR.3919.3p"
"1674","hsa.miR.3919.5p"
"1675","hsa.miR.3922"
"1676","hsa.miR.3922."
"1677","hsa.miR.3928"
"1678","hsa.miR.3928."
"1679","hsa.miR.3934"
"1680","hsa.miR.3934."
"1681","hsa.miR.3938"
"1682","hsa.miR.3938."
"1683","hsa.miR.3939.3p"
"1684","hsa.miR.3939.5p"
"1685","hsa.miR.3940"
"1686","hsa.miR.3940."
"1687","hsa.miR.3942.3p"
"1688","hsa.miR.3942.5p"
"1689","hsa.miR.3944.3p"
"1690","hsa.miR.3944.5p"
"1691","hsa.miR.409.3p"
"1692","hsa.miR.409.5p"
"1693","hsa.miR.410"
"1694","hsa.miR.410."
"1695","hsa.miR.411"
"1696","hsa.miR.411."
"1697","hsa.miR.412.3p"
"1698","hsa.miR.412.5p"
"1699","hsa.miR.421"
"1700","hsa.miR.421."
"1701","hsa.miR.423.3p"
"1702","hsa.miR.423.5p"
"1703","hsa.miR.424"
"1704","hsa.miR.424."
"1705","hsa.miR.425"
"1706","hsa.miR.425."
"1707","hsa.miR.429"
"1708","hsa.miR.429."
"1709","hsa.miR.431.3p"
"1710","hsa.miR.431.5p"
"1711","hsa.miR.432"
"1712","hsa.miR.432."
"1713","hsa.miR.4326"
"1714","hsa.miR.4326."
"1715","hsa.miR.433"
"1716","hsa.miR.433."
"1717","hsa.miR.448"
"1718","hsa.miR.448."
"1719","hsa.miR.449a"
"1720","hsa.miR.449a."
"1721","hsa.miR.449b"
"1722","hsa.miR.449b."
"1723","hsa.miR.449c.3p"
"1724","hsa.miR.449c.5p"
"1725","hsa.miR.450a.1."
"1726","hsa.miR.450a.2."
"1727","hsa.miR.450a.2..1"
"1728","hsa.miR.450b"
"1729","hsa.miR.450b."
"1730","hsa.miR.451.DICER1"
"1731","hsa.miR.452"
"1732","hsa.miR.452."
"1733","hsa.miR.454"
"1734","hsa.miR.454."
"1735","hsa.miR.455.3p"
"1736","hsa.miR.455.5p"
"1737","hsa.miR.466"
"1738","hsa.miR.466."
"1739","hsa.miR.483.3p"
"1740","hsa.miR.483.5p"
"1741","hsa.miR.484.RNASEN"
"1742","hsa.miR.484..RNASEN"
"1743","hsa.miR.485.3p"
"1744","hsa.miR.485.5p"
"1745","hsa.miR.486"
"1746","hsa.miR.486."
"1747","hsa.miR.487a.3p"
"1748","hsa.miR.487a.5p"
"1749","hsa.miR.487b"
"1750","hsa.miR.487b."
"1751","hsa.miR.488"
"1752","hsa.miR.488."
"1753","hsa.miR.489"
"1754","hsa.miR.489."
"1755","hsa.miR.490.3p"
"1756","hsa.miR.490.5p"
"1757","hsa.miR.491"
"1758","hsa.miR.491."
"1759","hsa.miR.493"
"1760","hsa.miR.493."
"1761","hsa.miR.494"
"1762","hsa.miR.494."
"1763","hsa.miR.495"
"1764","hsa.miR.495."
"1765","hsa.miR.496"
"1766","hsa.miR.496."
"1767","hsa.miR.497"
"1768","hsa.miR.497."
"1769","hsa.miR.498.3p"
"1770","hsa.miR.498.5p"
"1771","hsa.miR.499"
"1772","hsa.miR.499."
"1773","hsa.miR.500a"
"1774","hsa.miR.500a..2."
"1775","hsa.miR.500b."
"1776","hsa.miR.501.3p"
"1777","hsa.miR.501.5p"
"1778","hsa.miR.502"
"1779","hsa.miR.502."
"1780","hsa.miR.503"
"1781","hsa.miR.503."
"1782","hsa.miR.504"
"1783","hsa.miR.504."
"1784","hsa.miR.505"
"1785","hsa.miR.505."
"1786","hsa.miR.506"
"1787","hsa.miR.506."
"1788","hsa.miR.508"
"1789","hsa.miR.508."
"1790","hsa.miR.509.3.5p"
"1791","hsa.miR.509.3p.3."
"1792","hsa.miR.509.5p.2."
"1793","hsa.miR.510.3p"
"1794","hsa.miR.510.5p"
"1795","hsa.miR.511.3p.2."
"1796","hsa.miR.511.5p.2."
"1797","hsa.miR.512.3p.2."
"1798","hsa.miR.512.5p.2."
"1799","hsa.miR.513a.3p.2."
"1800","hsa.miR.513a.5p.2."
"1801","hsa.miR.513b"
"1802","hsa.miR.513b."
"1803","hsa.miR.513c.3p"
"1804","hsa.miR.513c.5p"
"1805","hsa.miR.514a.3."
"1806","hsa.miR.514a..3."
"1807","hsa.miR.514b.3p"
"1808","hsa.miR.514b.5p"
"1809","hsa.miR.515.3p.2."
"1810","hsa.miR.515.5p.2."
"1811","hsa.miR.516a.2."
"1812","hsa.miR.516a..2."
"1813","hsa.miR.516b.1"
"1814","hsa.miR.516b.2"
"1815","hsa.miR.516b..2."
"1816","hsa.miR.517a.2."
"1817","hsa.miR.517a..2."
"1818","hsa.miR.517b"
"1819","hsa.miR.517b."
"1820","hsa.miR.518a.3p.2."
"1821","hsa.miR.518a.5p.2."
"1822","hsa.miR.518b"
"1823","hsa.miR.518b."
"1824","hsa.miR.518c"
"1825","hsa.miR.518c."
"1826","hsa.miR.518d"
"1827","hsa.miR.518d."
"1828","hsa.miR.518e.3p"
"1829","hsa.miR.518e.5p"
"1830","hsa.miR.518f"
"1831","hsa.miR.518f."
"1832","hsa.miR.519a.1."
"1833","hsa.miR.519a.2."
"1834","hsa.miR.519a.2..1"
"1835","hsa.miR.519b"
"1836","hsa.miR.519b."
"1837","hsa.miR.519c"
"1838","hsa.miR.519c."
"1839","hsa.miR.519d"
"1840","hsa.miR.519d."
"1841","hsa.miR.519e.3p"
"1842","hsa.miR.519e.5p"
"1843","hsa.miR.520a"
"1844","hsa.miR.520a."
"1845","hsa.miR.520b.3p"
"1846","hsa.miR.520b.5p"
"1847","hsa.miR.520c"
"1848","hsa.miR.520c."
"1849","hsa.miR.520d.3p"
"1850","hsa.miR.520d.5p"
"1851","hsa.miR.520e"
"1852","hsa.miR.520e."
"1853","hsa.miR.520f"
"1854","hsa.miR.520f."
"1855","hsa.miR.520g"
"1856","hsa.miR.520g."
"1857","hsa.miR.520h"
"1858","hsa.miR.520h."
"1859","hsa.miR.521.1."
"1860","hsa.miR.521.2."
"1861","hsa.miR.521.2..1"
"1862","hsa.miR.522"
"1863","hsa.miR.522."
"1864","hsa.miR.523.3p"
"1865","hsa.miR.523.5p"
"1866","hsa.miR.524"
"1867","hsa.miR.524."
"1868","hsa.miR.525.3p"
"1869","hsa.miR.525.5p"
"1870","hsa.miR.526a.1.3p"
"1871","hsa.miR.526a.2.3p"
"1872","hsa.miR.526a.5p.2."
"1873","hsa.miR.526b.3p"
"1874","hsa.miR.526b.5p"
"1875","hsa.miR.527.3p"
"1876","hsa.miR.527.5p"
"1877","hsa.miR.532.3p"
"1878","hsa.miR.532.5p"
"1879","hsa.miR.539"
"1880","hsa.miR.539."
"1881","hsa.miR.541.3p"
"1882","hsa.miR.541.5p"
"1883","hsa.miR.542"
"1884","hsa.miR.542."
"1885","hsa.miR.543"
"1886","hsa.miR.543."
"1887","hsa.miR.544.3p"
"1888","hsa.miR.544.5p"
"1889","hsa.miR.545.3p"
"1890","hsa.miR.545.5p"
"1891","hsa.miR.549.3p"
"1892","hsa.miR.549.5p"
"1893","hsa.miR.550.3p.2."
"1894","hsa.miR.550.5p.2."
"1895","hsa.miR.551a"
"1896","hsa.miR.551a."
"1897","hsa.miR.551b"
"1898","hsa.miR.551b."
"1899","hsa.miR.552.3p"
"1900","hsa.miR.552.5p"
"1901","hsa.miR.556.3p"
"1902","hsa.miR.556.5p"
"1903","hsa.miR.559.3p"
"1904","hsa.miR.559.5p"
"1905","hsa.miR.561"
"1906","hsa.miR.561."
"1907","hsa.miR.570.3p"
"1908","hsa.miR.570.5p"
"1909","hsa.miR.574.3p"
"1910","hsa.miR.574.5p"
"1911","hsa.miR.576.3p"
"1912","hsa.miR.576.5p"
"1913","hsa.miR.577"
"1914","hsa.miR.577."
"1915","hsa.miR.579.3p"
"1916","hsa.miR.579.5p"
"1917","hsa.miR.580"
"1918","hsa.miR.580."
"1919","hsa.miR.581"
"1920","hsa.miR.581."
"1921","hsa.miR.582"
"1922","hsa.miR.582."
"1923","hsa.miR.584"
"1924","hsa.miR.584."
"1925","hsa.miR.585"
"1926","hsa.miR.585."
"1927","hsa.miR.588"
"1928","hsa.miR.588."
"1929","hsa.miR.589"
"1930","hsa.miR.589."
"1931","hsa.miR.590.3p"
"1932","hsa.miR.590.5p"
"1933","hsa.miR.592"
"1934","hsa.miR.592."
"1935","hsa.miR.597"
"1936","hsa.miR.597."
"1937","hsa.miR.598"
"1938","hsa.miR.598."
"1939","hsa.miR.599"
"1940","hsa.miR.599."
"1941","hsa.miR.605.3p"
"1942","hsa.miR.605.5p"
"1943","hsa.miR.610"
"1944","hsa.miR.610."
"1945","hsa.miR.615.3p"
"1946","hsa.miR.615.5p"
"1947","hsa.miR.616.3p"
"1948","hsa.miR.616.5p"
"1949","hsa.miR.618"
"1950","hsa.miR.624.3p"
"1951","hsa.miR.624.5p"
"1952","hsa.miR.625.3p"
"1953","hsa.miR.625.5p"
"1954","hsa.miR.627.3p"
"1955","hsa.miR.627.5p"
"1956","hsa.miR.628"
"1957","hsa.miR.628."
"1958","hsa.miR.629"
"1959","hsa.miR.629."
"1960","hsa.miR.641"
"1961","hsa.miR.641."
"1962","hsa.miR.642.3p"
"1963","hsa.miR.642.5p"
"1964","hsa.miR.643"
"1965","hsa.miR.643."
"1966","hsa.miR.651"
"1967","hsa.miR.651."
"1968","hsa.miR.652"
"1969","hsa.miR.652."
"1970","hsa.miR.653.3p"
"1971","hsa.miR.653.5p"
"1972","hsa.miR.654"
"1973","hsa.miR.654."
"1974","hsa.miR.655"
"1975","hsa.miR.655."
"1976","hsa.miR.656"
"1977","hsa.miR.656."
"1978","hsa.miR.659"
"1979","hsa.miR.659."
"1980","hsa.miR.660"
"1981","hsa.miR.660."
"1982","hsa.miR.665"
"1983","hsa.miR.665."
"1984","hsa.miR.668"
"1985","hsa.miR.668."
"1986","hsa.miR.670"
"1987","hsa.miR.670."
"1988","hsa.miR.671"
"1989","hsa.miR.671."
"1990","hsa.miR.675"
"1991","hsa.miR.675."
"1992","hsa.miR.676"
"1993","hsa.miR.676."
"1994","hsa.miR.7.1."
"1995","hsa.miR.7.2."
"1996","hsa.miR.7.3."
"1997","hsa.miR.7.3..1"
"1998","hsa.miR.708"
"1999","hsa.miR.708."
"2000","hsa.miR.744"
"2001","hsa.miR.744."
"2002","hsa.miR.758"
"2003","hsa.miR.758."
"2004","hsa.miR.760"
"2005","hsa.miR.760."
"2006","hsa.miR.766"
"2007","hsa.miR.766."
"2008","hsa.miR.767"
"2009","hsa.miR.767."
"2010","hsa.miR.769"
"2011","hsa.miR.769."
"2012","hsa.miR.770.3p"
"2013","hsa.miR.770.5p"
"2014","hsa.miR.873"
"2015","hsa.miR.873."
"2016","hsa.miR.874"
"2017","hsa.miR.874."
"2018","hsa.miR.875.3p"
"2019","hsa.miR.875.5p"
"2020","hsa.miR.876.3p"
"2021","hsa.miR.876.5p"
"2022","hsa.miR.885"
"2023","hsa.miR.885."
"2024","hsa.miR.887"
"2025","hsa.miR.887."
"2026","hsa.miR.888"
"2027","hsa.miR.888."
"2028","hsa.miR.889"
"2029","hsa.miR.889."
"2030","hsa.miR.890.3p"
"2031","hsa.miR.890.5p"
"2032","hsa.miR.891a"
"2033","hsa.miR.891a."
"2034","hsa.miR.891b"
"2035","hsa.miR.891b."
"2036","hsa.miR.892a"
"2037","hsa.miR.892a."
"2038","hsa.miR.892b"
"2039","hsa.miR.892b."
"2040","hsa.miR.9.3."
"2041","hsa.miR.9..3."
"2042","hsa.miR.92a.1."
"2043","hsa.miR.92a.2."
"2044","hsa.miR.92a.2..1"
"2045","hsa.miR.92b"
"2046","hsa.miR.92b."
"2047","hsa.miR.93"
"2048","hsa.miR.93."
"2049","hsa.miR.934"
"2050","hsa.miR.934."
"2051","hsa.miR.937"
"2052","hsa.miR.937."
"2053","hsa.miR.942"
"2054","hsa.miR.942."
"2055","hsa.miR.944"
"2056","hsa.miR.944."
"2057","hsa.miR.95"
"2058","hsa.miR.95."
"2059","hsa.miR.96"
"2060","hsa.miR.96."
"2061","hsa.miR.98"
"2062","hsa.miR.98."
"2063","hsa.miR.99a"
"2064","hsa.miR.99a."
"2065","hsa.miR.99b"
"2066","hsa.miR.99b."
